priority,source_name,source_type,source_url,collection_category,collection_tags,ingest_mode,rights_status,trust_level,linked_catalog_record_ids,notes
P0,Jeff Guo Song Catalog,web-page,https://songs.guojeff.com/,official-artist-catalog,official-artist-catalog|tech-parody|software-engineering,metadata-review,public-metadata-only,untrusted,jeff-guo-music,"Use public titles, links, artist attribution, and original summaries only."
P0,I made a music player app except it's only my music,youtube-video,https://www.youtube.com/watch?v=yMhGpYiFrdQ,official-artist-video,official-artist-catalog|software-engineering|developer-humor,metadata-review,public-metadata-only,untrusted,jeff-guo-music-player-app,"No media download, transcript storage, or lyric extraction."
P0,I asked Fable 5 to make me a lyric video,youtube-video,https://youtu.be/gFx-NjTw3sM?si=P6cfEp1u3LDNE4P6,official-artist-video,official-artist-catalog|AI-coding|lyric-video,metadata-review,public-metadata-only,untrusted,jeff-guo-ai-lyric-video,"Retain metadata and original high-level analysis only."
P0,Jeff Guo YouTube discovery,youtube-search,https://www.youtube.com/results?search_query=Jeff+Guo+music,official-artist-discovery,official-artist-catalog|discovery-only,discovery-only,public-metadata-only,untrusted,,"A reviewer selects official uploads before catalog creation."
P1,Uptime Funk,youtube-video,https://www.youtube.com/watch?v=M9bq_alk-sw,sysadmin-parody,tech-parody|devops|sysadmin|developer-humor,metadata-review,public-metadata-only,untrusted,,"Infrastructure and sysadmin reference; capture public metadata only."
P1,SUSE parody discovery,youtube-search,https://www.youtube.com/results?search_query=SUSE+parody+song+Uptime+Funk+Code+Together,official-brand-discovery,tech-parody|devops|sysadmin|discovery-only,discovery-only,public-metadata-only,untrusted,,"Prefer official SUSE channel uploads."
P1,Programming parody discovery index,web-page,https://dev.to/overscoremedia/programming-parody-songs-that-need-to-be-written-hmo,curated-discovery,tech-parody|software-engineering|developer-humor|discovery-only,discovery-only,public-metadata-only,untrusted,,"Extract candidate titles and canonical outbound links only."
P1,Coding songs playlist index,web-page,https://www.galvanize.com/blog/the-top-5-songs-about-coding-playlist/,curated-discovery,tech-parody|software-engineering|developer-humor|discovery-only,discovery-only,public-metadata-only,untrusted,,"Verify creator and canonical URL before cataloging."
P1,The JavaScript Rap,web-page,https://www.masswerk.at/lounge.php,developer-music,JavaScript|software-engineering|developer-humor,metadata-review,public-metadata-only,untrusted,,"Record public project metadata and official links."
P2,JavaScript Rock discovery,youtube-search,https://www.youtube.com/results?search_query=%22JavaScript+Rock%22+song,coding-song-discovery,JavaScript|discovery-only,discovery-only,unknown,untrusted,,"Require manual source verification."
P2,Coder Girl discovery,youtube-search,https://www.youtube.com/results?search_query=%22Coder+Girl%22+song+coding,coding-song-discovery,software-engineering|discovery-only,discovery-only,unknown,untrusted,,"Require manual source verification."
P2,Programming parody discovery,youtube-search,https://www.youtube.com/results?search_query=programming+parody+songs+software+engineer,developer-parody-discovery,tech-parody|software-engineering|developer-humor|discovery-only,discovery-only,unknown,untrusted,,"Review title, creator, and public metadata only."
P2,AI vibe coding song discovery,youtube-search,https://www.youtube.com/results?search_query=AI+vibe+coding+song+parody,ai-coding-song-discovery,AI-coding|vibe-coding|discovery-only,discovery-only,unknown,untrusted,,"Review for original creator and rights."
P2,GitHub OSS song discovery,youtube-search,https://www.youtube.com/results?search_query=GitHub+open+source+software+developer+song+parody,open-source-song-discovery,open-source|software-engineering|developer-humor|discovery-only,discovery-only,unknown,untrusted,,"Review before cataloging."
P2,DevOps SRE song discovery,youtube-search,https://www.youtube.com/results?search_query=DevOps+SRE+sysadmin+song+parody,infrastructure-song-discovery,devops|sysadmin|discovery-only,discovery-only,unknown,untrusted,,"Review before cataloging."
P2,Startup AI song discovery,youtube-search,https://www.youtube.com/results?search_query=startup+AI+song+parody+developer,startup-song-discovery,startup-culture|AI-coding|discovery-only,discovery-only,unknown,untrusted,,"Review before cataloging."
P3,IT parody community leads,web-page,https://community.spiceworks.com/t/it-parody-songs/648711,community-discovery,tech-parody|sysadmin|discovery-only,discovery-only,unknown,untrusted,,"Never treat community posts as authoritative metadata."
P3,Vibe coding community leads,web-page,https://www.reddit.com/r/vibecoding/comments/1uafhhr/a_parody_song_about_vibe_coding_made_by_ai/,community-discovery,vibe-coding|AI-coding|discovery-only,discovery-only,unknown,untrusted,,"Capture creator/source lead only; do not trust claims or scrape content automatically."
